id,Person
1,Filip
2,Filip
3,Filip
4,Filip
5,Filip
6,Filip
7,Filip
8,Filip
9,Filip
10,Filip
11,Filip
12,Filip
13,Filip
14,Filip
15,Filip
16,Filip
17,Filip
18,Filip
19,Filip
20,Filip
21,Filip
22,Filip
23,Filip
24,Filip
25,Filip
26,Filip
27,Filip
28,Filip
29,Filip
30,Filip
31,Filip
32,Filip
33,Filip
34,Filip
35,Filip
36,Filip
37,Filip
38,Filip
39,Filip
40,Filip
41,Filip
42,Filip
43,Filip
44,Filip
45,Filip
46,Filip
47,Filip
48,Filip
49,Filip
50,Filip
51,Filip
52,Filip
53,Filip
54,Filip
55,Filip
56,Filip
57,Filip
58,Filip
59,Filip
60,Filip
61,Filip
62,Filip
63,Filip
64,Filip
65,Filip
66,Filip
67,Filip
68,Filip
69,Filip
70,Filip
71,Filip
72,Filip
73,Filip
74,Filip
75,Filip
76,Filip
77,Filip
78,Filip
79,Filip
80,Filip
81,Filip
82,Filip
83,Filip
84,Filip
85,Filip
86,Filip
87,Filip
88,Filip
89,Filip
90,Filip
91,Filip
92,Filip
93,Filip
94,Filip
95,Filip
96,Filip
97,Filip
98,Filip
99,Filip
100,Filip
101,Filip
102,Filip
103,Filip
104,Filip
105,Filip
106,Filip
107,Filip
108,Filip
109,Filip
110,Filip
111,Filip
112,Filip
113,Filip
114,Filip
115,Filip
116,Filip
117,Filip
118,Filip
119,Filip
120,Filip
121,Filip
122,Filip
123,Filip
124,Filip
125,Filip
126,Filip
127,Filip
128,Filip
129,Filip
130,Filip
131,Filip
132,Filip
133,Filip
